tournament_name,year,venue_name,venue_address,venue_city,venue_country,court_surface,num_courts,indoor_outdoor
,2026,Sport Forum Alsdorf,,Alsdorf - Germany,Alsdorf - Germany,,,
,2026,: iPadel MelbourneCourt Conditions: Indoor courts (no outside game),": 3B Newlands Rd, Reservoir, Victoria, 3073Website: iPadel Melbourne | Padel Tennis Court Hire & Padel Ball ClubA valid national player license is required.Australian players can obtain one through pa.tournamentsoftware.com/memberships",Melbourne - Australia,Melbourne - Australia,,,Indoor
,2026,Family Sport Center,,Valencia - Spain,Valencia - Spain,,,Indoor
,2026,Game4Padel Docklands,"206 Lorimer St, Docklands VIC 3008",Melbourne - Australia,Melbourne - Australia,,,
,2026,Padelshot Mondeville,"17 Rue Joseph Philippon, 14000 Caen",Caen,Caen - France,,,Indoor
,2026,ACADEMIA RAFA NADAL,"Ctra. Calas de Mallorca, s/n km 1.2 07500 Manacor (Islas Baleares)",Manacor,Mallorca - Spain,,10.0,Indoor
,2026,Hotel Name,"West Bay Doha Ak Shatt St, 18181 Doha",Doha,Doha - Qatar,,,
,2026,VPadel Area,"Ajmera I-Land Rd, Wadala East, Bhakti Park, Chembur, Mumbai, Maharashtra 400009, India",Mumbai - India,Mumbai - India,,,Outdoor
,2026,VPadel Arena,+63 916 551 5417,Mumbai - India,Mumbai - India,,,
,2026,FAMILY SPORT CENTER,"Carrer del Barranc, Carrer de la Mota, 50, 46469 Beniparrell, Valencia",Beniparrell,Beniparrell - Valencia,,,Indoor
,2026,Website: www.hexagoncup.comNumber of Match Courts: 2Number of,"Camino de Perales, 23, Usera, 28041 Madrid Post navigationNextNext EventGENERALI HEXAGON CUP 2026 Official Automotive Partner",Official Automotive Partner,Madrid - Spain,,,
,2026,Khalifa International Tennis and Squash Complex,Al Majles Twaon Street – Doha,Doha - Qatar,Doha - Qatar,,,Outdoor
,2026,PADEL SAN ANTONIO,AV SAN JUAN 4617,San Antonio - Chile,San Antonio - Chile,,,Outdoor
,2026,Padel Arena Fastweb Perugia,"Via Alessandro Volta, 1 Ponte Giovanni (PG)",Perugia - Italy,Perugia - Italy,,,Indoor
,2026,PALAIS DES SPORTS DE MARSEILLE,"41 Rue Gustave Eiffel, 13010 Marseille",Marseille,Marseille - France,,,Indoor
,2026,Clube Quinta do Padel,"Rampa da Quinta do Leme nª14A, 9020-316 - Funchal",Madeira - Portugal,Madeira - Portugal,,,
,2026,WPA Bahrain,"Ibis Seef Hotel Bahrain Bldg. 456, Manama, Bahrain",Bahrain,Bahrain,,,Indoor
,2026,Tennis Space,,Kaunas - Lithuania,Kaunas - Lithuania,,,
,2026,Palavillage,"c. so Primo Levi 150, 10098 Rivoli (TO)",Rivoli,Torino - Italy,,,
,2026,Beit El Wadi,sherif.michel94@gmail.com,Wadi El Natrun- Egypt,Wadi El Natrun- Egypt,,,
,2026,Beit El Wadi,sherif.michel94@gmail.com,Wadi El Natrun - Egypt,Wadi El Natrun - Egypt,,,
,2026,PADEL RUSH ARENA,"QJC3+73R, Hittin, Riyadh 13516,Saudi Arabia Male",Riyadh - Saudi Arabia,Riyadh - Saudi Arabia,,,
,2026,New Giza Sports Club,,Giza - Egypt,Giza - Egypt,,,
,2026,Aveiro Padel Indoor,"Rua Das Velas n20, 3800-275 Aveiro (Portugal)",Aveiro - Portugal,Aveiro - Portugal,,,
,2026,Balwin Padel Waterfall City,"48 Queens Road, Bryanston 2021",Johannesburg - South Africa,Johannesburg - South Africa,,,
,2026,Padel Indoor La Porciúncula,info2@fpadelib.es,Palma de Mallorca - SPAIN,Palma de Mallorca - SPAIN,,,
,2026,Padel Center Las Naves,,ARRECIFE - SPAIN,ARRECIFE - SPAIN,,,
,2026,NAS Sports Complex,"Street Wadi Al Safa 3, Hadaeq Mohammed Bin Rashid, Dubái Male",Dubai - United Arab Emirates,Dubai - United Arab Emirates,,,
,2026,: RTCA – AGADIRNumber of Match Courts: 3Number of,"Boulevard du 20 Août, BP 808, Boulevard du 20 Aout, Agadir 80000 Morocco",Morocco,Agadir - Morocco,,,
,2026,7 Pala Village,"Via Necropoli Grotticelle, 33 – 96100 Siracusa (SR9)",Siracusa,SIRACUSA - Italy,,,
,2026,information:Number of Match Courts: 4Number of,"via Unità d'Italia 94 G, Agrigento Male",Agrigento - Italy,Agrigento - Italy,,,
,2026,: 20kmNearest Train Station Name: Kaitaa Metro stationDistance to the venue: mAirport pick up: NODaily Ho – Club service: NO,"MARSBYNTIE 10, 02270 ESPOO Male",ESPOO Male,Espoo - Finland,,,
,2026,Hotel Name,"Tynnyritie 1, 02230 Espoo (Finland)",Espoo,Espoo - Finland,,,
,2026,PADEL CLUBE IDEALKORPUS,RUA CENTRAL DE MOURIZ – 4580-590 PAREDES,Paredes - Portugal,Paredes - Portugal,,9.0,Indoor
,2026,Woodlands Padel,"10011 Farm, 2920 Tomball, TX 77375",Farm,"Woodlands, TX- USA",,,
,2026,Golden Point,"Westendelaan 94, 8434 Middelkerke",Middelkerke,MIDDELKERKE - Belgium,,,
,2026,BR Padel,,Curitiba - Brazil,Curitiba - Brazil,,,
,2026,ELITE PADEL CLUB (MEN),"R. Antônio Gonçalves do Amaral, 1547 – São José, Santa Maria Post navigationPreviousPrevious EventFIP GOLD PONTA DELGADANextNext EventFIP BRONZE BURRIANA Official Automotive Partner",Santa Maria - Brazil,Santa Maria - Brazil,,,
,2026,,,Tbc - Egypt,Tbc - Egypt,,,
,2026,Player 1,,Gijón - Spain,Gijón - Spain,,,
,2026,Player 1,,Ponta Delgada - Portugal,Ponta Delgada - Portugal,,,
,2026,Role,yolandamallen78@gmail.com,Burriana - Spain,Burriana - Spain,,,
,2026,Pop Padel,"8A Lengkok Bahru, Singapore 159787 Male",Singapore - Singapore,Singapore - Singapore,,,
,2026,"Website: www.sportclubhouten.nlCourt conditions: IndoorOutside game: YESPRIZE MONEYPayment method: Bank TransferContact e-mail / Number: FIPtoernooien@hotmail.com / k:+Transportation ServicesNearest Airport Name: Schiphol Airport AmsterdamDistance to the venue: 59 km (45-60 minutes)Nearest Train Station Name: Trainstation HoutenDistance to the venue: m walking (10 minutes)Airport pick up: NODaily Ho – Club service: yes, on scheduled timesTransportation Service Contact / Nº: via player’s desk, +","Pelmolen 7, 3994 XX Houten Male",XX Houten Male,Houten - Netherlands,,,
,2026,Club del Bosque,"Dublé Almeyda 80, Viña del Mar",Viña del Mar - Chile,Viña del Mar - Chile,,,
,2026,Lyttos Sports Center,"Anissaras, Hersonissos 70014, Crete",Heraklion - Greece,Heraklion - Greece,,,
,2026,Rua Central de Cedões s/n,Rua das Industrias 1755 4785-628 Trofa,Trofa - Portugal,Trofa - Portugal,,,
,2026,,,Santa maria - United States,Santa maria - United States,,,
,2026,Role,,Dubai - UAE,Dubai - UAE,,,
,2026,Level Padel,"Rua Santos Dumont 2400, Zona Industrial Norte Post navigationPreviousPrevious EventFIP BRONZE GAÚCHONextNext EventFIP SILVER JOINVILLE Official Automotive Partner",Joinville - Brazil,Joinville - Brazil,,,
,2026,Levell Padel,"Rua Santos Dumont 2400, Zona Industrial Norte Post navigationPreviousPrevious EventFIP BRONZE GAÚCHONextNext EventFIP SILVER WOMEN’S PADEL MANILA Official Automotive Partner",Joinville - Brazil,Joinville - Brazil,,,
,2026,Manila Padel Club,"9th Avenue corner Lane R, Bonifacio Global City, Metro Manila 1630 Post navigationPreviousPrevious EventFIP SILVER JOINVILLENextNext EventFIP BRONZE SWEDEN I Official Automotive Partner",Post navigationPreviousPrevious EventFIP SILVER JOINVILLENextNext EventFIP BRONZE SWEDEN I Official Automotive Partner,Manila - Philippines,,,
,2026,: 60 kmNearest Train Station Name: Siracusa Trani StationDistance to the venue: 5 kmAirport pick up: NODaily Ho – Club service: YESTransportation Service Contact / Nº: +39,francescoguglielmino2001@gmail.com,Siracusa - Italy,Siracusa - Italy,,,
,2026,Club Mercede,"Via Tuscoalna, 20",Frascati - Italy,Frascati - Italy,,2.0,
,2026,Role,,Joinville - Brazil,Joinville - Brazil,,,
,2026,,,Torino - Italy,Torino - Italy,,,
,2026,,,Hong kong - Hong Kong,Hong kong - Hong Kong,,,
,2026,,,Helsingborg - Sweden,Helsingborg - Sweden,,,
,2026,Tennis Space,"Islandijos 9, Kaunas Post navigationPreviousPrevious EventFIP BRONZE HONG KONG INextNext EventFIP SILVER MEDIOLANUM Official Automotive Partner",Kaunas - Lithuania,Kaunas - Lithuania,,,Indoor
,2026,,,CancÚn - Mexico,CancÚn - Mexico,,,
,2026,:Number of Match Courts: 7Number of,"10 Gigiri Drive, Nairobi Post navigationPreviousPrevious EventFIP SILVER MEDIOLANUMNextNext EventFIP BRONZE SWEDEN I Official Automotive Partner",Nairobi - Kenya,Nairobi - Kenya,,,
,2026,,,Tbc - Italy,Tbc - Italy,,,
,2026,Padel7Malgrat,padel7esportiu@gmail.com,Malgrat de Mar - Spain,Malgrat de Mar - Spain,,,
,2026,,,Hong kong - Hong Kong,Hong kong - Hong Kong,,,
,2026,,,Miami - United States,Miami - United States,,,
,2026,: Kalat Country C/ubNumber of Match Courts: 4Number of,"Caltanissetta, Contrada Pian del Lago snc Post navigationPreviousPrevious EventFIP SILVER MEDIOLANUMNextNext EventFIP SILVER VISEU Official Automotive Partner",Caltanisetta - Italy,Caltanisetta - Italy,,,
,2026,,,Viseu - Portugal,Viseu - Portugal,,,
,2026,,,Karachi - Pakistan,Karachi - Pakistan,,,
,2026,,,CapeTown - South Africa,CapeTown - South Africa,,,
,2026,,,Athens - Greece,Athens - Greece,,,
,2026,Europadel,"Av. Adolfo Diaz Ambrona, 11, 06006 Badajoz",Badajoz,Elvas - Portugal,,,
,2026,,,Mumbai - India,Mumbai - India,,,
,2026,: ADD PADEL ALMATYCourt conditions: IndoorOutside game: NoPayment method: On SiteContact e-mail: padelteam.almaty@gmail.comTransportation ServicesNearest Airport Name: Almaty International AirportDistance to the venue: 25 kmNearest Train Station Name: Almaty 2 railway stationDistance to the venue: 10 km Airport pick up: YESDaily Ho – Club service: YESTransportation Service Contact / Nº: +7 padelteam.almaty@gmail.com,,Almaty - Kazakhstan,Almaty - Kazakhstan,,,
,2026,,,Setubal - Portugal,Setubal - Portugal,,,
,2026,,,Abidjan - Ivory Coast,Abidjan - Ivory Coast,,,
,2026,,,Houten - Netherlands,Houten - Netherlands,,,
,2026,Santo Stefano Padel,,Sandigliano - Italy,Sandigliano - Italy,,,
,2026,,,Miami - United States,Miami - United States,,,
,2026,,,Mumbai - India,Mumbai - India,,,
,2026,,,Florida - USA,Florida - USA,,,
,2026,,,Tbc - Spain,Tbc - Spain,,,
,2026,,,Eidsvoll - Norway,Eidsvoll - Norway,,,
,2026,,,Rivesaltes - France,Rivesaltes - France,,,
,2026,,,Doha - Qatar,Doha - Qatar,,,
,2026,,,Aguascalientes - Mexico,Aguascalientes - Mexico,,,
,2026,,,Oeiras - Portugal,Oeiras - Portugal,,,
,2026,,,Aguascalientes - Mexico,Aguascalientes - Mexico,,,
,2026,,,Baku - Azerbaijan,Baku - Azerbaijan,,,
,2026,,,Stratford - Great Britain,Stratford - Great Britain,,,
,2026,Name,,Marino - Italy,Marino - Italy,,,
,2026,,,Doha - Qatar,Doha - Qatar,,,
,2026,,,Kuala lumpur - Malaysia,Kuala lumpur - Malaysia,,,
,2026,,,Dubai - United Arab Emirates,Dubai - United Arab Emirates,,,
,2026,: Pala Padel NolaNumber of Match Courts: 4Number of,"Via Croce del Papa 12/14 , Nola , 80035 Post navigationPreviousPrevious EventFIP SILVER DUBAINextNext EventFIP BRONZE IJUÍ Official Automotive Partner",Nola - Italy,Nola - Italy,,,
,2026,,,Ijuí - Brazil,Ijuí - Brazil,,,
,2026,,,Giza - Egypt,Giza - Egypt,,,
,2026,,,Sevilla - Spain,Sevilla - Spain,,,
,2026,,,Ijuí - Brazil,Ijuí - Brazil,,,
,2026,,,Chiswick - Great Britain,Chiswick - Great Britain,,,
,2026,,,Ayia Napia - Cyprus,Ayia Napia - Cyprus,,,
,2026,,,Villarrica - Chile,Villarrica - Chile,,,
,2026,,,Marrakech - Morocco,Marrakech - Morocco,,,
,2026,,,IjuÍ - Brazil,IjuÍ - Brazil,,,
,2026,,,USA,USA,,,
,2026,,,Saint Priest - France,Saint Priest - France,,,
,2026,,,Johannesburg - South Africa,Johannesburg - South Africa,,,
,2026,,,Setubal - Portugal,Setubal - Portugal,,,
,2026,,,Santiago - Chile,Santiago - Chile,,,
,2026,,,Isla de la palma - Spain,Isla de la palma - Spain,,,
,2026,,,Teheran - Iran,Teheran - Iran,,,
,2026,,,Brussels - Belgium,Brussels - Belgium,,,
,2026,,,Treviso - Italy,Treviso - Italy,,,
,2026,,,Kuala lumpur - Malaysia,Kuala lumpur - Malaysia,,,
,2026,,,Ayia Napia - Cyprus,Ayia Napia - Cyprus,,,
,2026,,,HERAKLION - Grecee,HERAKLION - Grecee,,,
,2026,,,Hamburg - Germany,Hamburg - Germany,,,
,2026,PadelPorecCenter,"Z5002 Glavna cesta Porec, Tar 52440 Porec, Croatia",Porec,POREC - Croatia,,2.0,Indoor
,2026,,,Ayia Napia - Cyprus,Ayia Napia - Cyprus,,,
,2026,,,Leiria - Portugal,Leiria - Portugal,,,
,2026,,,Islas canarias - Spain,Islas canarias - Spain,,,
,2026,,,Singapore - Singapore,Singapore - Singapore,,,
,2026,Colors Play District,Via Danubio 61 (Montesilvano Pe) Post navigationPreviousPrevious EventFIP BRONZE SINGAPORENextNext EventFIP SILVER CYPRUS Official Automotive Partner,Montesilvano - Italy,Montesilvano - Italy,,,
,2026,,,Teheran - Iran,Teheran - Iran,,,
,2026,,,Tbc - Iran,Tbc - Iran,,,
,2026,,,Vilamoura - Portugal,Vilamoura - Portugal,,,
,2026,Name,,Trani - Italy,Trani - Italy,,,
,2026,,,Johannesburg - South Africa,Johannesburg - South Africa,,,
,2026,,,Dubai - United Arab Emirates,Dubai - United Arab Emirates,,,
,2026,Andalucía&Ultra Padel Club,Av la banda y puente bicentenario /Calle ejercito equina Alejandro del carpio Post navigationPreviousPrevious EventFIP BEYOND JOHANNESBURGNextNext EventFIP BEYOND LONDON Official Automotive Partner,Tarija - Bolivia,Tarija - Bolivia,,,
,2026,,,Gran Canaria - Spain,Gran Canaria - Spain,,,
,2026,CD Padelmerida,,Merida - Spain,Merida - Spain,,,
,2026,,,Prishtina - Kosovo,Prishtina - Kosovo,,,
,2026,,,Vila real de santo antonio - Portugal,Vila real de santo antonio - Portugal,,,
,2026,:Number of Match Courts: 3Number of,,Teramo - Italy,Teramo - Italy,,,
,2026,,,Kolding - Denmark,Kolding - Denmark,,,
,2026,,,Mendoza - Argentina,Mendoza - Argentina,,,
,2026,,,London - Great Britain,London - Great Britain,,,
,2026,,,AsunciÓn - Paraguay,AsunciÓn - Paraguay,,,
,2026,,,Samui - Thailand,Samui - Thailand,,,
,2026,,,Kolding - Denmark,Kolding - Denmark,,,
,2026,,,Johannesburg - South Africa,Johannesburg - South Africa,,,
,2026,,,Novara - Italy,Novara - Italy,,,
,2026,,,Gent - Belgium,Gent - Belgium,,,
,2026,,,Bratislava - Slovakia,Bratislava - Slovakia,,,
,2026,,,Albufeira - Portugal,Albufeira - Portugal,,,
,2026,,,Pangan - Thailand,Pangan - Thailand,,,
,2026,,,Tbc - Egypt,Tbc - Egypt,,,
,2026,,,Tbc - Egypt,Tbc - Egypt,,,
,2026,,,Buenos aires - Argentina,Buenos aires - Argentina,,,
,2026,,,Bydgoszcz - Poland,Bydgoszcz - Poland,,,
,2026,,,Dakar - Senegal,Dakar - Senegal,,,
,2026,,,Antofagasta - Chile,Antofagasta - Chile,,,
,2026,SSD Globo Padel,"Contrada Oliveto Principessa,1 89022 Cittanova (RC)",Cittanova,Cittanova - Italy,,,
,2026,,,London - Great Britain,London - Great Britain,,,
,2026,,,Viseu - Portugal,Viseu - Portugal,,,
,2026,,,Tbd - Brazil,Tbd - Brazil,,,
,2026,,,London - Great Britain,London - Great Britain,,,
,2026,,,Latina - Italy,Latina - Italy,,,
,2026,,,Marnes - France,Marnes - France,,,
,2026,,,Cap Cana - Dominican Republic,Cap Cana - Dominican Republic,,,
,2026,,,Oeiras - Portugal,Oeiras - Portugal,,,
,2026,,,Tbc - Brazil,Tbc - Brazil,,,
,2026,,,Tbc - Brazil,Tbc - Brazil,,,
,2026,,,Athens - Greece,Athens - Greece,,,
,2026,,,Mälmo - Sweden,Mälmo - Sweden,,,
,2026,,,Albania,Albania,,,
,2026,,,Viña del Mar - Chile,Viña del Mar - Chile,,,
,2026,,,Abu dhabi - United Arab Emirates,Abu dhabi - United Arab Emirates,,,
,2026,: Padel CenterCourt conditions: TBCTransportation ServicesNearest Airport Name:International Airport “ Traian Vuia” Timisoara (13 km to the club)Nearest Train Station Name: Timisoara Nord railway station (7 km to the club)Distance to the venue: 13 km from the airport / 7 km from the train stationAirport pick up: NODaily ho – club service: NO,"Distance to VenueHotel Timisoara4★Romania,Timisoara,Str.Marasesti5.8 km to venueSpecial rates: pret displayed on the websiteAdditional info: 45% discount from the price displayed at the receptionContact Details:office@hoteltimisoara.roPlayer ServicesTournament contactsRoleNamePhoneEmailTournament DirectorLuis Centeno Faragoso+351968688077 luis.c.fragoso@outlook.ptTournament Asistant RefereeRozorea NicuTournament Main refereeNamePhoneEmailAlfonso Cibelli3394013500alfo.cibelli@gmail.comPlayer deskNamePhoneEmailBristan Bogdan Post navigationPreviousPrevious EventFIP BRONZE CAMBODIANextNext EventFIP BRONZE ABU DHABI Official Automotive Partner",Timisoara - Romania,Timisoara - Romania,,,
,2026,,,Höganäs - Sweden,Höganäs - Sweden,,,
,2026,,,Agrigento - Italy,Agrigento - Italy,,,
,2026,,,Rijswijk - Netherlands,Rijswijk - Netherlands,,,
,2026,,,Comunidad valenciana - Spain,Comunidad valenciana - Spain,,,
,2026,,,Tbd - Cambodia,Tbd - Cambodia,,,
,2026,,,Pembroke - Malta,Pembroke - Malta,,,
FIP PROMISES GROSSETO,2026,,,Grosseto - Italy,Grosseto - Italy,,,
,2026,,,Grossetto - Italy,Grossetto - Italy,,,
,2026,,,Samobor - Croatia,Samobor - Croatia,,,
,2026,,,Kuala lumpur - Malaysia,Kuala lumpur - Malaysia,,,
,2026,,,Tbc - Brazil,Tbc - Brazil,,,
,2026,,,Warsaw - Poland,Warsaw - Poland,,,
,2026,,,Hamburg - Germany,Hamburg - Germany,,,
,2026,,,Oporto - Portugal,Oporto - Portugal,,,
,2026,,,Bandol - France,Bandol - France,,,
,2026,,,Lusaka - Zambia,Lusaka - Zambia,,,
,2026,,,Sevilla - Spain,Sevilla - Spain,,,
,2026,,,Cardiff - United Kingdom,Cardiff - United Kingdom,,,
,2026,,,Tbd - Brazil,Tbd - Brazil,,,
,2026,,,Rome - Italy,Rome - Italy,,,
,2026,,,Tbc - Brazil,Tbc - Brazil,,,
,2026,,,Rome - Italy,Rome - Italy,,,
,2026,,,Chisinau - Maldives,Chisinau - Maldives,,,
,2026,,,Crossroads - Maldives,Crossroads - Maldives,,,
,2026,,,Rochefort - Belgium,Rochefort - Belgium,,,
,2026,,,Lanzarote - Spain,Lanzarote - Spain,,,
,2026,,,Palermo - Italy,Palermo - Italy,,,
,2026,,,Rovato - Italy,Rovato - Italy,,,
,2026,,,Puerto varas - Chile,Puerto varas - Chile,,,
,2026,"Website: https://www.aleja.si/si/Support Club / Venue: ALEJA SKYNumber of Match Courts: 3Court conditions: OutdoorOutside game: NoPRIZE MONEYPayment method: Bank Transfer Contact e-mail / Number: mitja.gregoric21@gmail.com, 41 Transportation ServicesNearest Airport Name: Airport LjubljanaDistance to the venue: 23kmNearest Train Station Name: Train station LjubljanaDistance to the venue: 6kmAirport pick up: NODaily Ho – Club service: NO","Rakuševa ulica 1, 1000 Ljubljana Post navigationPreviousPrevious EventFIP BRONZE ROCHEFORTNextNext EventFIP BRONZE LANZAROTE Official Automotive Partner",Ljubljana Post navigationPreviousPrevious EventFIP BRONZE ROCHEFORTNextNext EventFIP BRONZE LANZAROTE Official Automotive Partner,Ljublana - Slovenia,,,
,2026,,,Valencia - Spain,Valencia - Spain,,,
,2026,,,Ciudad de Badajoz - Spain,Ciudad de Badajoz - Spain,,,
,2026,,,Sevilla - Spain,Sevilla - Spain,,,
,2026,Hotel Name,"Distance to VenueHOTEL SANTIN3★Viale delle Grazie, 9, 33170 Pordenone PN6.7 kmAdditional info: https://www.hotelsantin.it/ /Player ServicesTournament contactsRoleNamePhoneEmailTournament DirectorLUCAS CAMPIUTTI+39 327 488 3149Player deskNamePhoneEmailSERENA RAFFIN+39 327 488 3149serena@euro-sporting.it Post navigationPreviousPrevious EventFIP BRONZE OSAKANextNext EventFIP BRONZE KÉNITRE Official Automotive Partner",Cordenons - Italy,Cordenons - Italy,,,
,2026,,,Ankara - Türkiye,Ankara - Türkiye,,,
,2026,,,Roma - Italy,Roma - Italy,,,
,2026,,,KÉnitre - Morocco,KÉnitre - Morocco,,,
,2026,,,Osaka - Japan,Osaka - Japan,,,
,2026,,,Narbona - France,Narbona - France,,,
,2026,,,Tbc - Egypt,Tbc - Egypt,,,
,2026,,,Houten - Netherlands,Houten - Netherlands,,,
,2026,,,Ancona - Italy,Ancona - Italy,,,
,2026,,,Giulianova - Italy,Giulianova - Italy,,,
,2026,,,Astorga - Spain,Astorga - Spain,,,
,2026,,,Sao Joao Da Madeira - Portugal,Sao Joao Da Madeira - Portugal,,,
,2026,,,Tbd - Chile,Tbd - Chile,,,
,2026,Hotel Name,"72V8+CFH, Rue G14, Abidjan",Abidjan - Ivory Coast,Abidjan - Ivory Coast,,,Indoor
,2026,,,Valladolid - Spain,Valladolid - Spain,,,
,2026,Hotel Name,"11050 Louetta Rd. Houston, TX 77070",Texas - USA,Texas - USA,,,
,2026,,,Bordeaux - France,Bordeaux - France,,,
,2026,,,Comunidad valenciana - Spain,Comunidad valenciana - Spain,,,
,2026,,,Tbd - Ireland,Tbd - Ireland,,,
,2026,LAS NORIAS,"Av de Gijón, 100, 47009 Valladolid",Valladolid,Valladolid - Spain,,,
,2026,,,Kosijde - Belgium,Kosijde - Belgium,,,
,2026,ZERO4 PADEL CLUB,Fondovalle Alento 70/A Post navigationPreviousPrevious EventFIP GOLD ABIDJANNextNext EventFIP BRONZE COMUNIDAD VALENCIANA III Official Automotive Partner,Chieti - Italy,Chieti - Italy,,,
,2026,,,Abidjan - Ivory Coast,Abidjan - Ivory Coast,,,
,2026,,,Iquique - Chile,Iquique - Chile,,,
,2026,,,Koskijde - Belgium,Koskijde - Belgium,,,
,2026,,,La coruÑa - Spain,La coruÑa - Spain,,,
,2026,,,Tbc - Georgia,Tbc - Georgia,,,
,2026,,,Tbc - Hungary,Tbc - Hungary,,,
,2026,,,Alicante - Spain,Alicante - Spain,,,
,2026,,,Malaga - Spain,Malaga - Spain,,,
,2026,,,Malaga - Spain,Malaga - Spain,,,
,2026,,,Bunschoten - Netherlands,Bunschoten - Netherlands,,,
,2026,,,Sandigliano - Italy,Sandigliano - Italy,,,
,2026,Lésigny Tennis Padel Club,"Complexe de l’Entre-Deux-Parcs, Avenue des Hyverneaux 77150 Lésigny",Paris - France,Paris - France,,2.0,Outdoor
,2026,Pádel Plaza Indoor,Avenida Diagonal Plaza 3,Zaragoza - Spain,Zaragoza - Spain,,2.0,Indoor
,2026,,,Rome - Italy,Rome - Italy,,,
,2026,,,Tbc - Brazil,Tbc - Brazil,,,
,2026,PADDELITE,"Av. la Industria, 10, 09001 Burgos",Burgos,Burgos - Spain,,,
,2026,,,Tbc - Brazil,Tbc - Brazil,,,
,2026,,,Lisboa - Portugal,Lisboa - Portugal,,,
,2026,,,Copiapo - Chile,Copiapo - Chile,,,
,2026,,,Oporto - Portugal,Oporto - Portugal,,,
,2026,,,Comunidad valenciana - Spain,Comunidad valenciana - Spain,,,
,2026,HUB 4.0,"VIA PORDOI, 25038 ROVATO (BS) Post navigationPreviousPrevious EventFIP BRONZE COMUNIDAD VALENCIANA VNextNext EventFIP BRONZE LELYSTAD Official Automotive Partner",ROVATO,Brescia - Italy,,,
,2026,,,Lelystad - Netherlands,Lelystad - Netherlands,,,
,2026,,,Tbc - Spain,Tbc - Spain,,,
,2026,,,Bruino - Italy,Bruino - Italy,,,
,2026,,,Pretoria - South Africa,Pretoria - South Africa,,,
,2026,,,Tenerife - Spain,Tenerife - Spain,,,
,2026,,,Carcavelos - Portugal,Carcavelos - Portugal,,,
,2026,Website: www.islandpadel.comNumber of Match Courts: 4Number of,"Plat Douet Road, St Clement, Jersey JE2 6PN, Great Britain Post navigationPreviousPrevious EventFIP BRONZE FRASCATINextNext EventFIP SILVER MONTERREY Official Automotive Partner",Jersey Island - Great Britain,Jersey Island - Great Britain,,,
,2026,,,Tbc - Egypt,Tbc - Egypt,,,
,2026,CLUB MERCEDE,"VIA TUSCOLANA, 20",Frascati - Italy,Frascati - Italy,,1.0,Outdoor
,2026,,,Collbató - Spain,Collbató - Spain,,,
,2026,,,Venezuela,Venezuela,,,
,2026,,,London - Great Britain,London - Great Britain,,,
,2026,,,Monterrey - Mexico,Monterrey - Mexico,,,
,2026,,,Monterrey - Mexico,Monterrey - Mexico,,,
,2026,,,El prat - Spain,El prat - Spain,,,
,2026,,,Puerto Cabello - Venezuela,Puerto Cabello - Venezuela,,,
,2026,,,Portimao - Portugal,Portimao - Portugal,,,
,2026,,,Illinois - USA,Illinois - USA,,,
,2026,Padel Barcelona,"Parc del Riu 3-5, El Prat de Llobregat",El Prat - Spain,El Prat - Spain,,14.0,
,2026,,,Tbc - Spain,Tbc - Spain,,,
,2026,,,Mexico,Mexico,,,
,2026,,,Mol - Belgium,Mol - Belgium,,,
,2026,,,Barcelona - Spain,Barcelona - Spain,,,
,2026,,,Mol - Belgium,Mol - Belgium,,,
,2026,,,Puerto Cabello - Venezuela,Puerto Cabello - Venezuela,,,
,2026,,,Palma de mallorca - Spain,Palma de mallorca - Spain,,,
,2026,,,San luis - Mexico,San luis - Mexico,,,
,2026,,,Castro - Chile,Castro - Chile,,,
,2026,,,MIDDELKERKE - Belgium,MIDDELKERKE - Belgium,,,
,2026,,,Taranto - Italy,Taranto - Italy,,,
,2026,,,Westerbork - Netherlands,Westerbork - Netherlands,,,
,2026,,,Porto st. elpidio - Italy,Porto st. elpidio - Italy,,,
,2026,,,Belgrade - Serbia,Belgrade - Serbia,,,
,2026,,,Cologne - Germany,Cologne - Germany,,,
,2026,,,Giulianova - Italy,Giulianova - Italy,,,
,2026,,,Westerbork - Netherlands,Westerbork - Netherlands,,,
,2026,,,Karachi - Pakistan,Karachi - Pakistan,,,
,2026,,,Ericeira - Portugal,Ericeira - Portugal,,,
,2026,,,Phoenix - Arizona US,Phoenix - Arizona US,,,
,2026,,,Cordoba - Spain,Cordoba - Spain,,,
,2026,,,Madrid - Spain,Madrid - Spain,,,
,2026,,,Marnes - France,Marnes - France,,,
,2026,PADELYOU,"C. Víctor García de la Concha, 37007 Salamanca",Salamanca,Salamanca - Spain,,,
,2026,,,MalÉ - Maldives,MalÉ - Maldives,,,
,2026,,,Miami - USA,Miami - USA,,,
,2026,,,Mcallen texas - United States,Mcallen texas - United States,,,
,2026,,,San luis - Mexico,San luis - Mexico,,,
,2026,,,Paris - France,Paris - France,,,
,2026,Zomerstadion Utrecht,"Jaarbeursplein, Utrecht Post navigationPreviousPrevious EventFIP BRONZE SAN LUISNextNext EventFIP SILVER CEUTA Official Automotive Partner",Utrecht - Netherlands,Utrecht - Netherlands,,,
,2026,,,Ceuta - Spain,Ceuta - Spain,,,
,2026,,,Casablanca - Morocco,Casablanca - Morocco,,,
,2026,,,Messina - Italy,Messina - Italy,,,
,2026,,,San luis - Mexico,San luis - Mexico,,,
,2026,,,Florida - Italy,Florida - Italy,,,
,2026,,,SÃo joÃo da madeira - Portugal,SÃo joÃo da madeira - Portugal,,,
,2026,,,Bucharest - Romania,Bucharest - Romania,,,
,2026,,,Como - Italy,Como - Italy,,,
,2026,,,Phuket - Thailand,Phuket - Thailand,,,
,2026,,,Guimaraes - Portugal,Guimaraes - Portugal,,,
,2026,,,Budapest - Hungary,Budapest - Hungary,,,
,2026,,,Tbc - Kenya,Tbc - Kenya,,,
,2026,,,Tbc - Spain,Tbc - Spain,,,
,2026,,,Paredes - Portugal,Paredes - Portugal,,,
,2026,,,Tbc - Finland,Tbc - Finland,,,
,2026,,,Perugia - Italy,Perugia - Italy,,,
,2026,,,Viña del Mar - Chile,Viña del Mar - Chile,,,
,2026,,,Amsterdam - Netherlands,Amsterdam - Netherlands,,,
,2026,,,Dubai - United Arab Emirates,Dubai - United Arab Emirates,,,
,2026,,,SÂo joÂo da madeira - Portugal,SÂo joÂo da madeira - Portugal,,,
,2026,,,Izmir - Türkiye,Izmir - Türkiye,,,
,2026,,,Bangkok - Thailand,Bangkok - Thailand,,,
,2026,,,Pembroke - Malta,Pembroke - Malta,,,
,2026,,,Alcala de guadaira - Spain,Alcala de guadaira - Spain,,,
,2026,,,Lyon - France,Lyon - France,,,
,2026,,,Ericeira - Portugal,Ericeira - Portugal,,,
,2026,,,Caldas - Portugal,Caldas - Portugal,,,
,2026,,,Torino - Italy,Torino - Italy,,,
,2026,,,Rotterdam - Netherlands,Rotterdam - Netherlands,,,
,2026,,,Jönköping - Sweden,Jönköping - Sweden,,,
,2026,,,Messina - Italy,Messina - Italy,,,
,2026,,,Hong kong - Hong Kong,Hong kong - Hong Kong,,,
,2026,,,Tbc - Germany,Tbc - Germany,,,
,2026,,,Taastrup - Denmark,Taastrup - Denmark,,,
,2026,,,Porec parenzo - Croatia,Porec parenzo - Croatia,,,
,2026,,,Rovigo - Italy,Rovigo - Italy,,,
,2026,,,Veracruz - Mexico,Veracruz - Mexico,,,
,2026,,,Veracruz - Mexico,Veracruz - Mexico,,,
,2026,,,London - Great Britain,London - Great Britain,,,
,2026,,,Taastrup - Denmark,Taastrup - Denmark,,,
,2026,,,Dubai - United Arab Emirates,Dubai - United Arab Emirates,,,
,2026,,,TBD - Spain,TBD - Spain,,,
,2026,,,Alkmaar - Netherlands,Alkmaar - Netherlands,,,
,2026,,,Oeiras - Portugal,Oeiras - Portugal,,,
,2026,,,Miami - United States,Miami - United States,,,
,2026,,,Milano - Italy,Milano - Italy,,,
,2026,,,Hong kong - Hong Kong,Hong kong - Hong Kong,,,
,2026,,,Oslo - Norway,Oslo - Norway,,,
,2026,,,Samui - Thailand,Samui - Thailand,,,
,2026,,,Lagos - Nigeria,Lagos - Nigeria,,,
,2026,,,Aprilia - Italy,Aprilia - Italy,,,
,2026,,,Doha - Qatar,Doha - Qatar,,,
,2026,,,Almaty - Kazakhstan,Almaty - Kazakhstan,,,
,2026,,,Tbc - Chile,Tbc - Chile,,,
,2026,,,Reunion st. denis - France,Reunion st. denis - France,,,
,2026,,,Antalya - Türkiye,Antalya - Türkiye,,,
,2026,,,London - United Kingdom,London - United Kingdom,,,
,2026,,,Metepec - Mexico,Metepec - Mexico,,,
,2026,,,Melilla - Spain,Melilla - Spain,,,
,2026,,,Venray - Netherlands,Venray - Netherlands,,,
,2026,,,Frascati - Italy,Frascati - Italy,,,
,2026,,,Santarem - Portugal,Santarem - Portugal,,,
,2026,,,Arrecife - Spain,Arrecife - Spain,,,
,2026,,,Tbc - Spain,Tbc - Spain,,,
,2026,,,Reunion st. paul - France,Reunion st. paul - France,,,
,2026,,,Tbc - Cyprus,Tbc - Cyprus,,,
,2026,,,New dehli - India,New dehli - India,,,
,2026,,,Perugia - Italy,Perugia - Italy,,,
,2026,,,Dubai - United Arab Emirates,Dubai - United Arab Emirates,,,
,2026,,,Kuwait - Kuwait,Kuwait - Kuwait,,,
,2026,,,Heraklion - Greece,Heraklion - Greece,,,
,2026,,,Tbc - Cyprus,Tbc - Cyprus,,,
,2026,,,Tbc - Finland,Tbc - Finland,,,
,2026,,,Aguascalientes - Mexico,Aguascalientes - Mexico,,,
,2026,,,Tbc - Spain,Tbc - Spain,,,
,2026,,,Saint Martin - CARIBBEAN,Saint Martin - CARIBBEAN,,,
,2026,,,Dubai - United Arab Emirates,Dubai - United Arab Emirates,,,
,2026,: Pala Padel NolaNumber of Match Courts: 4Number of,"Via Croce del Papa 12/14 , Nola , 80035 Post navigationPreviousPrevious EventFIP SILVER SAINT MARTIN ISLANDNextNext EventFIP BRONZE COMUNIDAD VALENCIANA VIII Official Automotive Partner",Post navigationPreviousPrevious EventFIP SILVER SAINT MARTIN ISLANDNextNext EventFIP BRONZE COMUNIDAD VALENCIANA VIII Official Automotive Partner,Nola - Italy,,,
,2026,,,Tbc - Cyprus,Tbc - Cyprus,,,
,2026,,,Oporto - Portugal,Oporto - Portugal,,,
,2026,,,Mumbai - India,Mumbai - India,,,
,2026,,,Doha - Qatar,Doha - Qatar,,,
,2026,,,Napoli - Italy,Napoli - Italy,,,
,2026,,,Skurup - Sweden,Skurup - Sweden,,,
,2026,,,Waver - Belgium,Waver - Belgium,,,
,2026,,,Karachi - Pakistan,Karachi - Pakistan,,,
,2026,,,Hua hin - Thailand,Hua hin - Thailand,,,
,2026,,,Acra - Ghana,Acra - Ghana,,,
,2026,,,Tbc - Mexico,Tbc - Mexico,,,
,2026,,,Perugia - Italy,Perugia - Italy,,,
,2026,,,Roeselare - Belgium,Roeselare - Belgium,,,
,2026,,,Roeselare - Belgium,Roeselare - Belgium,,,
,2026,,,San severo - Italy,San severo - Italy,,,
,2026,,,Esbjerg - Denmark,Esbjerg - Denmark,,,
,2026,,,Tbd - Spain,Tbd - Spain,,,
,2026,,,Tbc - Egypt,Tbc - Egypt,,,
,2026,,,Phuket - Thailand,Phuket - Thailand,,,
,2026,,,Acapulco - Mexico,Acapulco - Mexico,,,
,2026,,,Tbc - Chile,Tbc - Chile,,,
,2026,Padel Magic,"Padel Magic at Central Tennis Club, Cocody, Abidjan, Côte d’Ivoire Post navigationPreviousPrevious EventFIP BEYOND MIAMI Official Automotive Partner",Abidjan - Ivory Coast,Abidjan - Ivory Coast,,,
,2026,,,Rende - Italy,Rende - Italy,,,
,2026,,,El prat de llobregat - Spain,El prat de llobregat - Spain,,,
,2026,,,Barcelona - Spain,Barcelona - Spain,,,
,2025,,,Sydney - Australia,Sydney - Australia,,,
,2025,,,Mondeville - France,Mondeville - France,,,
,2025,,,Melbourne - Australia,Melbourne - Australia,,,
,2025,,,Valencia - Spain,Valencia - Spain,,,
,2025,,,Doha - Qatar,Doha - Qatar,,,
,2025,,,Finestrat - Spain,Finestrat - Spain,,,
,2025,,,San Antonio - Chile,San Antonio - Chile,,,Outdoor
,2025,,,Doha - Qatar,Doha - Qatar,,,
,2025,,,Riyadh - Saudi Arabia,Riyadh - Saudi Arabia,,,
,2025,,,RIO GRANDE - Brazil,RIO GRANDE - Brazil,,,
,2025,,,Rio Grande - Brazil,Rio Grande - Brazil,,,
,2025,,,Rio Grande - Brazil,Rio Grande - Brazil,,,
,2025,,,Ahlen - Germany,Ahlen - Germany,,,
,2025,,,Paredes - Portugal,Paredes - Portugal,,,
,2025,,,Beheira / Egypt,Beheira / Egypt,,,
,2025,,,Gothenburg - Sweden,Gothenburg - Sweden,,,
,2025,,,Valencia - Spain,Valencia - Spain,,,
,2025,,,Beheira / Egypt,Beheira / Egypt,,,
,2025,,,Curitiba - Brazil,Curitiba - Brazil,,,
,2025,,,Gijón - Spain,Gijón - Spain,,,
,2025,,,Dubai - United Arab Emirates,Dubai - United Arab Emirates,,,
,2025,,,Beheira - Egypt,Beheira - Egypt,,,
,2025,,,Beheira - Egypt,Beheira - Egypt,,,
,2025,,,Perugia - Italy,Perugia - Italy,,,
,2025,,,Asuncion - Paraguay,Asuncion - Paraguay,,,
,2025,,": PRIVADA KOPAL 9 GUADALUPE VICTORIA, EMILIANO ZAPATA C AT07 CP. 72824 SN ANDRES CHOLULA PUEBLA, MÉXICO.Number of Match Courts: 4Number of",SN ANDRES CHOLULA PUEBLA,Puebla - Mexico,,,
,2025,,": Pelmolen 7, 3994 xx HoutenWebsite: www.sportclubhouten.nlNumber of match courts: 4Number of",Houten - Netherlands,Houten - Netherlands,,,
,2025,,,Azores - Portugal,Azores - Portugal,,,
,2025,,,Joinville-Brazil,Joinville-Brazil,,,
,2025,,,Cancun - Mexico,Cancun - Mexico,,,
,2025,,,Hong kong - Hong Kong,Hong kong - Hong Kong,,,
,2025,,,Dubai - UAE,Dubai - UAE,,,
,2025,,,Kaunas - Lithuania,Kaunas - Lithuania,,,
,2025,,,Middelkerke - Belgium,Middelkerke - Belgium,,,
,2025,,,Setubal-Portugal,Setubal-Portugal,,,
,2025,,,Miami - USA,Miami - USA,,,
,2025,,,Camboriu - Brazil,Camboriu - Brazil,,,
,2025,,,Manila - Philippines,Manila - Philippines,,,
,2025,,,Siracusa - Italy,Siracusa - Italy,,,
,2025,,,Santiago - Chile,Santiago - Chile,,,
,2025,,,GUAYAQUIL -Ecuador,GUAYAQUIL -Ecuador,,,
,2025,,,Manila - Philippines,Manila - Philippines,,,
,2025,,,Elvas - Portugal,Elvas - Portugal,,,
,2025,,,Caltanissetta - Italy,Caltanissetta - Italy,,,
,2025,General info:,,Curitiba - Brazil,Curitiba - Brazil,,,
,2025,,,Curitiba - Brazil,Curitiba - Brazil,,,
,2025,,,Curitiba - Brazil,Curitiba - Brazil,,,
,2025,,,GUAYAQUIL -Ecuador,GUAYAQUIL -Ecuador,,,
,2025,,,Espoo - Finland,Espoo - Finland,,,
,2025,General info:NAME OF THE CLUB / VENUE:Clube CESLA,,Santa Maria - Brazil,Santa Maria - Brazil,,,
,2025,General info:NAME OF THE CLUB / VENUE:Clube CESLA,,Santa Maria - Brazil,Santa Maria - Brazil,,,
,2025,,,Metepec - Mexico,Metepec - Mexico,,,
,2025,,,Dubai - United Arab Emirates,Dubai - United Arab Emirates,,,
,2025,: VILLA PAMPHILI PADEL CLUB,,Roma - Italy,Roma - Italy,,,
,2025,,,Manama - Bahrain,Manama - Bahrain,,,
,2025,,,Bristol - Great Britain,Bristol - Great Britain,,,
,2025,,,Setubal - Portugal,Setubal - Portugal,,,
,2025,,,Zlatibor - Serbia,Zlatibor - Serbia,,,
,2025,,,Espoo-Finland,Espoo-Finland,,,
,2025,,,Bristol - Great Britain,Bristol - Great Britain,,,
,2025,,,Santa Maria - Brazil,Santa Maria - Brazil,,,
,2025,,,Doha - Qatar,Doha - Qatar,,,
,2025,,,Gothenburg - Sweden,Gothenburg - Sweden,,,
,2025,,,Kuala Lumpur - Malaysia,Kuala Lumpur - Malaysia,,,
,2025,,,Ayia Napa - Protaras - Cyprus,Ayia Napa - Protaras - Cyprus,,,
,2025,,,Nola - Italy,Nola - Italy,,,
,2025,,,Johannesburg - South Africa,Johannesburg - South Africa,,,
,2025,,,Chicago - USA,Chicago - USA,,,
,2025,,,Brussels - Belgium,Brussels - Belgium,,,
,2025,,,Leiria - Portugal,Leiria - Portugal,,2.0,
,2025,,,Hong kong - Hong Kong,Hong kong - Hong Kong,,,
,2025,,,Ayia Napa - Cyprus,Ayia Napa - Cyprus,,,
,2025,,,Cairo - Egypt,Cairo - Egypt,,,
,2025,,,Curitiba - Brazil,Curitiba - Brazil,,,
,2025,,,Concepcion - Chile,Concepcion - Chile,,,
,2025,,,Cairo - Egypt,Cairo - Egypt,,,
,2025,,,Alicante - Spain,Alicante - Spain,,,
,2025,: 15 minutos en cocheContact Details: LUIS SICILIA – +34,": Calle La Calzada nº 100, Código Postal 35017URL Website: https://canariaspadel.es/fip-canarias/Number of Match Courts: 6 Pistas + 1 Central CourtNumber of",Las Palmas de Gran Canaria - Spain,Las Palmas de Gran Canaria - Spain,,,
,2025,,,Cologne - Germany,Cologne - Germany,,,
,2025,,,Vilareal de Santo Antonio - Portugal,Vilareal de Santo Antonio - Portugal,,,
,2025,,,Antalya - Turkey,Antalya - Turkey,,,
,2025,,,Almaty - Kazakhstan,Almaty - Kazakhstan,,,
,2025,,,Mendoza - Argentina,Mendoza - Argentina,,,
,2025,,,Agrigento - Italy,Agrigento - Italy,,,
,2025,,,Palermo - Italy,Palermo - Italy,,,
,2025,,,Quito - Ecuador,Quito - Ecuador,,,
,2025,,,Gent - Belgium,Gent - Belgium,,,
,2025,,,Abu Dhabi - UAE,Abu Dhabi - UAE,,,
,2025,,,ALCALÁ DE GUADAIRA (SPAIN),ALCALÁ DE GUADAIRA (SPAIN),,,
,2025,,,Abidjan - Ivory Coast,Abidjan - Ivory Coast,,,
,2025,,,Novara - Italy,Novara - Italy,,,
,2025,,,"Ayia Napa, Protaras - Cyprus","Ayia Napa, Protaras - Cyprus",,,
,2025,,,Viña del Mar - Chile,Viña del Mar - Chile,,,Outdoor
,2025,,,Dezhou - China,Dezhou - China,,,
,2025,,,Manila - Philippines,Manila - Philippines,,,
,2025,,,Mafra-Portugal,Mafra-Portugal,,,
,2025,,,Asuncion - Paraguay,Asuncion - Paraguay,,,
,2025,,,"Viseu, Tondela y Castro Daire - Portugal","Viseu, Tondela y Castro Daire - Portugal",,,
,2025,,,Whetstone - United Kingdom,Whetstone - United Kingdom,,,
,2025,,,Hamburg - Germany,Hamburg - Germany,,,
,2025,,,Alexandria - Egypt,Alexandria - Egypt,,,
,2025,,,Manila - Philippines,Manila - Philippines,,,
,2025,,,Antofagasta-Chile,Antofagasta-Chile,,,
,2025,,,Almaty - Kazakhstan,Almaty - Kazakhstan,,,
,2025,,,Buenos aires - Argentina,Buenos aires - Argentina,,,
,2025,,,Castellon - Spain,Castellon - Spain,,,
,2025,,,Timisoara - Romania,Timisoara - Romania,,,
,2025,,,Perugia - Italy,Perugia - Italy,,,
,2025,,,Cap Cana - Dominican Republic,Cap Cana - Dominican Republic,,,
,2025,,,Jakarta - Indonesia,Jakarta - Indonesia,,,
,2025,,,Bandol - France,Bandol - France,,,
,2025,,,North Enge Sande-Germany,North Enge Sande-Germany,,,
,2025,,,Foz Do Iguaçu - Brazil,Foz Do Iguaçu - Brazil,,,
,2025,,,Rome - Italy,Rome - Italy,,,
,2025,,,Camboriu - Brazil,Camboriu - Brazil,,,
,2025,,,Cordenons - Italy,Cordenons - Italy,,,
,2025,,,Bali - Indonesia,Bali - Indonesia,,,
,2025,,,HERAKLION - Grecee,HERAKLION - Grecee,,,
,2025,,,Camboriu - Brazil,Camboriu - Brazil,,,
,2025,,,Rome - Italy,Rome - Italy,,,
,2025,,,Camboriu - Brazil,Camboriu - Brazil,,,
,2025,,,Badajoz - Spain,Badajoz - Spain,,,
,2025,,,Guayaquil - Ecuador,Guayaquil - Ecuador,,,
,2025,,,Antofagasta - Chile,Antofagasta - Chile,,,
,2025,,,Phuket - Thailand,Phuket - Thailand,,,
,2025,: Padelpoint La Nucía Number of Match Courts: 7Number of,": Avenida del alcalde Eduardo Zaplana, 7, 03502 Benidorm, AlicanteURL Website: https://www.padelpointvillaitana.com/#1Support Club / Venue: Padelpoint La Nucía Number of Match Courts: 7Number of",Benidorm,Benidorm - Spain,,,
,2025,,,Grugliasco (Torino) - Italy,Grugliasco (Torino) - Italy,,,
,2025,,,Drammen - Norway,Drammen - Norway,,,
,2025,,,Alexandria-Egypt,Alexandria-Egypt,,,
,2025,,,Alexandria - Egypt,Alexandria - Egypt,,,
,2025,,,Concepcion - Chile,Concepcion - Chile,,,
,2025,,,Valladolid - Spain,Valladolid - Spain,,,
,2025,,,Palermo - Italy,Palermo - Italy,,,
,2025,,,Oeiras - Portugal,Oeiras - Portugal,,,
,2025,,,Utrecht - Netherlands,Utrecht - Netherlands,,,
,2025,,,Rome - Italy,Rome - Italy,,,
,2025,,,Lisbona - Portugal,Lisbona - Portugal,,,
,2025,,,HOUTEN – NETHERLANDS,HOUTEN – NETHERLANDS,,,
,2025,,,Curitiba - Brazil,Curitiba - Brazil,,,
,2025,,,Bordeaux - France,Bordeaux - France,,,
,2025,,,"Tbilisi, Georgia","Tbilisi, Georgia",,,
,2025,,,Chengdu - China,Chengdu - China,,,
,2025,,,Valladolid - Spain,Valladolid - Spain,,,
,2025,,,Treviso - Italy,Treviso - Italy,,,
,2025,,,Koksijde - Belgium,Koksijde - Belgium,,,
,2025,: SET PADEL,,Narbona - France,Narbona - France,,,
,2025,,,Madrid - Spain,Madrid - Spain,,,
,2025,,,Koksijde - Belgium,Koksijde - Belgium,,,
,2025,,,Tokyo - Japan,Tokyo - Japan,,,
,2025,,,Giulianova - Italy,Giulianova - Italy,,,
,2025,,,Alicante -Spain,Alicante -Spain,,,
,2025,,,Centurion-South Africa,Centurion-South Africa,,,
,2025,,,Viña del Mar - Chile,Viña del Mar - Chile,,,Outdoor
,2025,,,Malaga - Spain,Malaga - Spain,,,
,2025,,,Elche - Spain,Elche - Spain,,,
,2025,,,Sandigliano (Biella) - Italy,Sandigliano (Biella) - Italy,,,
,2025,,,Aveiro - Portugal,Aveiro - Portugal,,,
,2025,,,Veracruz - Mexico,Veracruz - Mexico,,,
,2025,Role,,Vina del Mar- Chile,Vina del Mar- Chile,,,
,2025,,,Oeiras - Portugal,Oeiras - Portugal,,,
,2025,Role,+351 916 653 796,Oporto - Portugal,Oporto - Portugal,,,
,2025,Name,,Burgos - Spain,Burgos - Spain,,,
,2025,,,Lelystad - Netherlands,Lelystad - Netherlands,,,
,2025,,,Alexandria - Egypt,Alexandria - Egypt,,,
,2025,,,CRETE - Greece,CRETE - Greece,,,
,2025,,,Wallau - Germany,Wallau - Germany,,,
,2025,,,Tarragona - Spain,Tarragona - Spain,,,
,2025,,,Porto alegre - Brazil,Porto alegre - Brazil,,,
,2025,,,Barcelona - Spain,Barcelona - Spain,,,
,2025,,,CRETE - Greece,CRETE - Greece,,,
,2025,,,Porto Alegre - Brazil,Porto Alegre - Brazil,,,
,2025,,,Tenerife - Spain,Tenerife - Spain,,,
,2025,,,Portimao - Portugal,Portimao - Portugal,,,
,2025,: 20kmNearest Train Station Name: Terminal Terrestre PotosinaDistance to the venue: 10kmName: CITY EXPRESS PLUS BY MARRIOTT SAN LUISNumber of Stars: 5,,Potosí - Mexico,Potosí - Mexico,,,
,2025,,,Portimao - Portugal,Portimao - Portugal,,,
,2025,,,Jersey island - Great Britain,Jersey island - Great Britain,,,
,2025,: La ChimbaNumber of Match Courts: 8Number of,: cancha rayada n°10Website:Support Club / Venue: La ChimbaNumber of Match Courts: 8Number of,Copiapo - Chile,Copiapo - Chile,,,
,2025,Name,,Alhaurin de la Torre (Málaga) - Spain,Alhaurin de la Torre (Málaga) - Spain,,,
,2025,": CLUB LA CALZADA ( C. la Calzada, , La Calzada, Las Palmas)Number of Match Courts: 6 PISTAS CON JUEGO EXTERIOR + 1 PISTA CENTRALNumber of",,Gran Canaria - Spain,Gran Canaria - Spain,,,
,2025,Role,": Avenida João Meirelles, S/NWebsite: www.vilamoura.tennisNumber of match court: 11",Vilamoura - Portugal,Vilamoura - Portugal,,,
,2025,,,Mansoura - Egypt,Mansoura - Egypt,,,
,2025,,,Campo Largo - Brazil,Campo Largo - Brazil,,,
,2025,,,Isla de la palma - Spain,Isla de la palma - Spain,,,
,2025,Role,,Belgrade - Serbia,Belgrade - Serbia,,,
,2025,,,Middelkerke - Belgium,Middelkerke - Belgium,,,
,2025,: CLUB DEPORTIVO SIERRA MORENANumber of Match Courts: 4 Club Principal 4 Club apoyoNumber of,: CTRA. DE LAS ERMITAS S/NURL Website: sportcordobalasalle.esSupport Club / Venue: CLUB DEPORTIVO SIERRA MORENANumber of Match Courts: 4 Club Principal 4 Club apoyoNumber of,Cordoba - Spain,Cordoba - Spain,,,
,2025,Name,,Westerbork - Netherlands,Westerbork - Netherlands,,,
,2025,Chico Padel -,udgfitp130613@gmail.com,GIULIANOVA (TE)-ITALY,GIULIANOVA (TE)-ITALY,,,
,2025,,,Porto Sant'Elpidio - Italy,Porto Sant'Elpidio - Italy,,,
,2025,,,CHICAGO - USA,CHICAGO - USA,,,
,2025,,,Madrid - Spain,Madrid - Spain,,,
,2025,Role,mario.rui.marques77@gmail.com,Oeiras - Portugal,Oeiras - Portugal,,,
,2025,,": Marsbyntie 10, 02270, Espoo, FinlandWebsite: escpadel.fiNumber of Match Courts: 6Number of",Espoo - Finland,Espoo - Finland,,,
,2025,CLUB DEL BOSQUE,RANCO 30 – VIÑA DEL MAR,Viña del Mar - Chile,Viña del Mar - Chile,,4.0,
,2025,PADELYOU,"C. Conde Orgaz, s/n, 37005 Salamanca Spain",Salamanca Spain,Salamanca - Spain,,3.0,
,2025,,,Paris - France,Paris - France,,,
,2025,,,Schuttrange - Luxembourg,Schuttrange - Luxembourg,,,
,2025,LIFEPADEL,"Tv. da Ribeira 629, 4810-235 Guimarães",Guimaraes - Portugal,Guimaraes - Portugal,,,
,2025,Role,achaves13@hotmail.com,Ceuta - Spain,Ceuta - Spain,,,
,2025,Role,+52 9991 2281 78,Aguascalientes - Mexico,Aguascalientes - Mexico,,,
,2025,Pala Padel Nola,Via Croce del Papa 12/14 Nola-Italy,Nola - Italy,Nola - Italy,,4.0,
,2025,Role,mario.rui.marques77@gmail.com,Vilamoura-Portugal,Vilamoura-Portugal,,,
,2025,Iconico Sports & Social Club,"Calle Economía 11-13, 41007 (Sevilla)",Sevilla - Spain,Sevilla - Spain,,3.0,Outdoor
,2025,SPORTING CLUB SASSUOLO,"VIA VANDELLI, 25 – 41049 SASSUOLO (MO) - ITALY",SASSUOLO,Sassuolo - Italy,,1.0,Outdoor
,2025,Hotel Name,"Av Infante Dom Henrique, nº 341, 1800-224, Lisboa",Lisboa - Portugal,Lisboa - Portugal,,,Outdoor
,2025,Name,,Porec-Croatia,Porec-Croatia,,,
,2025,,,Dusseldorf - Germany,Dusseldorf - Germany,,,
,2025,,,Almaty - Kazakhstan,Almaty - Kazakhstan,,,
,2025,Role,,Alicante - Spain,Alicante - Spain,,,
,2025,Name,,Torino - Italy,Torino - Italy,,,
,2025,Padel Tropical,"9, Bangrak, 69, Tambon Bo Put, Ko Samui District, Surat Thani 84320, Thailand",Samui - Thailand,Samui - Thailand,,,
,2025,Role,,Denmark - ESBJERG,Denmark - ESBJERG,,,
,2025,,,Costa Daurada Reus - Spain,Costa Daurada Reus - Spain,,,
,2025,,,Rotterdam - Netherlands,Rotterdam - Netherlands,,,
,2025,,,Costa Daurada Reus - Spain,Costa Daurada Reus - Spain,,,
,2025,Name,,Abidjan - Ivory Coast,Abidjan - Ivory Coast,,,
,2025,Hotel Name,ignaciomolina88@gmail.com,Santiago de chile - Chile,Santiago de chile - Chile,,,
,2025,Role,francescoguglielmino2001@gmail.com,FOGGIA - ITALY,FOGGIA - ITALY,,,
,2025,ALMEIRINN PADEL,"Zona Industrial de Almeirim Lote 27, Pavilhão 1 – 2080-221 Almeirim",Almeirim - Portugal,Almeirim - Portugal,,,
,2025,Role,,Bangalore - India,Bangalore - India,,,
,2025,Qurtuba Padel & Fitness,"6 Sakb Ave, Linbro Park, Johannesburg",Johannesburg - South Africa,Johannesburg - South Africa,,5.0,
,2025,ALLIANZ CLOUD MILANO,"Piazza Carlo Stuparich 1, Milano",Milano - Italy,Milano - Italy,,,Indoor
,2025,,,Valencia - Spain,Valencia - Spain,,,
,2025,,,Valencia - Spain,Valencia - Spain,,,
,2025,Name,,Stratford - Great Britain,Stratford - Great Britain,,,
,2025,Centro de Pádel Ciudad Autónoma de Melilla,"C. Ayul Lalchandani, 52004 Melilla",Melilla,Melilla - Spain,,2.0,Outdoor
,2025,: PIANETA PADEL PIACENZA,,Piacenza - Italy,Piacenza - Italy,,,
,2025,Stratford Padel Club,"335-337 High Street, E15 2TF London",Stratford - Great Britain,Stratford - Great Britain,,,Indoor
,2025,Padel India at Kotak Pullela Gopichand Badminton Academy,"Survey No.91, beside Infosys, Gachibowli, Hyderabad 500032",Hyderabad - India,Hyderabad - India,,,Outdoor
,2025,,,Porec-Parenzo - Croatia,Porec-Parenzo - Croatia,,,
,2025,,,Austin - United States,Austin - United States,,,
,2025,Role,,Leon - Spain,Leon - Spain,,,
,2025,WPA Bahrain,"Buidling 1012 , Road 2813 Block 0428 Al Seef, Kingdom of Bahrain",Al Seef,Manama - Bahrain,,5.0,Indoor
,2025,jean jaures LyonSupport Club / Venue: all IN COUNTRY ACADEMYCourt conditions: IndoorOutside game: YesPayment method: Bank TransferContact e-mail: s.bouchet@opendelyon.fr,,Lyon - France,Lyon - France,,,
,2025,Website: https://www.matchi.se/facilities/e4arena,": Industridatan 7, 553 02, Jönköping Sweden Venue: E4 ArenaNumber of Match Courts: 5Number of",Jönköping - Sweden,Jönköping - Sweden,,1.0,Indoor
,2025,D’Ouro Padel,"Rua Bartolomeu Velho, 680. 4150-415, Porto",Oporto - Portugal,Oporto - Portugal,,2.0,Indoor
,2025,: noneNumber of Match Courts: 5Number of,": Okolovrusten put 72, Sofia, Bulgaria, 1415Support Club / Venue: noneNumber of Match Courts: 5Number of",Sofia - Bulgaria,Sofia - Bulgaria,,,
,2025,,,Saint-Denis de La Réunion France,Saint-Denis de La Réunion France,,,
,2025,,,DOHA - QATAR,DOHA - QATAR,,,
,2025,PREMIUM APA CENTER,"Las Magnolias 533, Km 50 Ramal Pilar",Buenos Aires - Argentina,Buenos Aires - Argentina,,4.0,Indoor
,2025,Lisboa Racket Centre,"Rua Alferes Malheiro, 1700-025, Lisboa",Lisbona - Portugal,Lisbona - Portugal,,11.0,
,2025,,,"La Línea de la Concepción, Cádiz","La Línea de la Concepción, Cádiz",,,
,2025,Sports Club,ahmed_nader_87@hotmail.com,Giza-Egypt,Giza-Egypt,,1.0,Outdoor
,2025,: 25kmAirport pick up: YESDaily ho – club service: YESContact / Nº: + 07 16 12 63 (Thibault) € discount on return flights when booking via our partner,"81 avenue de Bourbon, Saint Paul, LA REUNION",Saint Paul - Reunion Island,Saint Paul - Reunion Island,,3.0,Outdoor
,2025,Ali Bey Club Manavgat,"Ali Bey Club Manavgat, Kızılağaç Turizm Merkezi, 07600 Manavgat / Antalya, Turkiye",Antalya - Turkey,Antalya - Turkey,,,Outdoor
,2025,CLUB DE TENIS JUAN CARLOS FERRERO DE VILLENA,,Villena - Spain,Villena - Spain,,,
,2025,": 2,2 kmContact Details: Special rates: single room 72,00 bbSpecial rates: double room € 94,00 in B/B Additional info: link / discount code https://www.terraumbra.it/ / FIP HAPPY VILLAGEName: HO MICHELANGELONumber of Stars: 4",STRADA DI MARATTA BASSA 93,Terni - Italy,Terni - Italy,,2.0,Indoor
,2025,Rocks Lane Chiswick,"Distance to VenueRoom20 Windmill Road, Chiswick, W4 1SDPlayer ServicesTournament contactsRoleNamePhoneEmailTournament DirectorMohi Khosilova 0208 994 1313",London - United Kingdom,London - United Kingdom,,,
,2025,Padelcentrum Noord Limburg,sylviavangeest@hotmail.com,Venray - Netherlands,Venray - Netherlands,,1.0,Indoor
,2025,,,Paredes - Portugal,Paredes - Portugal,,,
,2025,,,Giza - Egypt,Giza - Egypt,,,
,2025,ISD Padel,Dubai Sports City - Dubai - Emiratos Árabes Unidos,Dubai - UAE,Dubai - UAE,,6.0,Indoor
,2025,Name,,Perugia - Italy,Perugia - Italy,,,
,2025,,,San diego - United States,San diego - United States,,,
,2025,,,Vic - Spain,Vic - Spain,,,
,2025,FULLPADEL OUTDOOR,"LATERAL NORTE, RUTA 7, km 1003- san Martín- Mendoza",Mendoza - Argentina,Mendoza - Argentina,,6.0,Outdoor
,2025,Hotel Name,"Elosalamantie 2, 02100 Espoo",Espoo,Espoo / Finland,,,Indoor
,2025,Lésigny Tennis Padel Club,"Complexe de l'Entre deux parcs, Avenue des Hyverneaux, 77150 Lésigny",Lesigny (Paris) - France,Lesigny (Paris) - France,,2.0,
,2025,House of Games,"Elosalamantie 2, 02100 Espoo",Espoo,Espoo-Finland,,1.0,
,2025,: 45km. (1hora)Airport pick up: YES (free)Daily ho – club service: YESContact / Nº: +,"LATERAL NORTE, RUTA 7, km 1003- san Martín- Mendoza",Mendoza - Argentina,Mendoza - Argentina,,6.0,Outdoor
,2025,,,Kuwait City - Kuwait,Kuwait City - Kuwait,,,
,2025,PADELPOINT DENIA,,Denia - Spain,Denia - Spain,,,
,2025,PADEL+,+63 967 486 4855,Hong kong - Hong Kong,Hong kong - Hong Kong,,,
,2025,PADEL SAN ANTONIO,AV SAN JUAN 4617,San Antonio - Chile,San Antonio - Chile,,3.0,Outdoor
,2025,PADEL ARENA FASTWEB,+39 333 383 3057,Perugia - Italy,Perugia - Italy,,,
,2025,,,Dubai - United Arab Emirates,Dubai - United Arab Emirates,,,Indoor
,2025,The One Padel Academy,"Go Park Sai Sha, 9 Hoi Ying Road, Sai Sha Rd, Ma On Shan, Hong Kong",Hong Kong - Hong Kong,Hong Kong - Hong Kong,,,Outdoor
,2025,Sportcity,,Massanasa (Valencia) - Spain,Massanasa (Valencia) - Spain,,,
,2025,Padel Athletic Club/ PAC,"Rua Engenheiro Ferreira Dias 1010, 4100-246 Porto",Oporto - Portugal,Oporto - Portugal,,4.0,Indoor
,2025,Padel LK,"Unit 6, Delta Retail Park, Ballysimon Road, Crossgala, Limerick, V94368A",Limerick - Ireland,Limerick - Ireland,,1.0,Indoor
,2025,Sports Club,"Sports Club, Egypt, Giza, 6 of October city, 6 of October sports club.",Giza-Egypt,Giza-Egypt,,1.0,Outdoor
,2025,,,Kaunas - Lithuania,Kaunas - Lithuania,,,
,2025,Khalifa International Tennis & squash complex,,Doha-Qatar,Doha-Qatar,,,
,2025,Role,+52 221 605 0004,Veracruz - Mexico,Veracruz - Mexico,,,
,2025,MOSTRA D’OLTREMARE (Main Draw),VIALE KENNEDY 143-147,Napoli - Italy,Napoli - Italy,,2.0,Indoor
,2025,Role,police10512@gmail.com,Lucena - Spain,Lucena - Spain,,,
,2025,,,Doha - Qatar,Doha - Qatar,,,
,2025,Manila Padel Club,+63 967 486 4855,Manila - Philippines,Manila - Philippines,,,Outdoor
,2025,Lyttos Sports Center,"Anissaras Xersonissou, P.C.70014, Crete Greece",Crete - Greece,Crete - Greece,,1.0,Indoor
,2025,ARENA GNP SEGUROS,"Paseo de los Manglares s/n, Puerta 1, CP: 39890 Puerto Marqués, Guerrero",Acapulco - Mexico,Acapulco - Mexico,,,
,2025,,,Como - Italy,Como - Italy,,,
,2025,LA PLANA SPORT,Camino Donación S/N Castellón de la Plana (Castellón),CASTELLÓN DE LA PLANA - Spain,CASTELLÓN DE LA PLANA - Spain,,,Outdoor
,2025,WPA Bahrain,"Wpa Bahrain sports W.L.L Building 577 Road 3612 Block 436 Seef, bahrain",Manama - Bahrain,Manama - Bahrain,,5.0,Indoor
,2025,TP Rumbeke,Vlamingstraat 8 – 8800 Roeselare,Roeselare,Roeselare - Belgium,,,Indoor
,2025,Padel Parc,+41 79 750 71 02,Fribourg - Switzerland,Fribourg - Switzerland,,1.0,Indoor
,2025,Lyttos Sports Center,"Anissaras Xersonissou, P.C.70014, Crete Greece",Crete - Greece,Crete - Greece,,1.0,Indoor
,2025,TP Rumbeke,Vlamingstraat 8 – 8800 Roeselare,Roeselare,Roeselare - Belgium,,,Indoor
,2025,PREMIUM APA CENTER,"Las Magnolias 533, Km 50 Ramal Pilar 1629 PILAR ARGENTINA",PILAR ARGENTINA,Buenos Aires - Argentina,,4.0,Outdoor
,2025,PADEL BARCELONA – EL PRAT,": Carrer K Zona Franca, Sants-Montjuïc, 08040 BarcelonaGoogle Location: 41.328486017958845, 2.1129434620696195Special rates: 10% OFF writing an email saying that the reservation is for the FIP Promises",Barcelona - Spain,Barcelona - Spain,,,
,2025,Role,WhatsApp: +86 13761150481,Shanghai - China,Shanghai - China,,,Indoor
,2025,NAS Sports Complex,Dubai \NAD Alsheba 1,Dubai - UAE,Dubai - UAE,,4.0,Indoor
,2025,LOVE PADEL LANGHAMS,"27 TAMCHELE AVE, ZEVENFONTEIN, MIDRAND",Fourways - South Africa,Fourways - South Africa,,1.0,Indoor
,2025,PALAU SANT JORDI,"Passeig Olímpic, 5-7 08038 Barcelona",Barcelona,Barcelona - Spain,,,Indoor
,2025,Name,,Alicante - Spain,Alicante - Spain,,,Outdoor
